field_name,display_name,simple_meaning,why_we_collect_it,example,data_type,allowed_values,source,category,layer,used_by,can_affect,depends_on,conflicts_with,if_missing,can_it_change,confidence,replaces
lead_id,Lead ID,The permanent reference number for this person in our system.,"So the same person can be followed across the CRM, WhatsApp, the LMS and payments without confusion.",SSEI-2026-000123,Text,Format SSEI-YYYY-NNNNNN,System generated at creation,Identity,Raw,Everything,Nothing directly,Nothing,Nothing,Cannot be missing. The record cannot exist without it.,Never,Certain,
full_name,Name,What they are called.,To address them properly and to check we are talking to the right person.,Aarav Mehta,Text,Free text,"Lead form, counsellor or WhatsApp profile",Identity,Raw,Message wording,Message wording,Nothing,Nothing,Messages use a neutral greeting with no name.,"Yes, a counsellor can correct it.",Declared,
mobile_e164,Mobile number,Their phone number in full international format.,It is how we reach them and how we recognise them.,+919812345678,Text,Starts with a country code,"Lead form, call, import",Identity,Raw,Whether we can contact them at all,Nothing,Nothing,Nothing,The lead cannot be worked. It goes to the data quality queue.,"Yes, if they give a new number.",Certain,
mobile_last10,Match key,"The last ten digits of the phone number, used to spot the same person twice.",It is how we check whether they are already a student or already in the system.,9812345678,Text,Ten digits,Calculated from the mobile number,Identity,Normalised,"Duplicate check, student master match",Relationship dimension,mobile_e164,Nothing,Duplicate checking cannot run.,Only when the number changes.,Certain,
email,Email,Their email address.,"A backup channel, and a second way to spot duplicates.",aarav@example.com,Text,Lowercase email,Lead form or import,Identity,Raw,Email channel availability,Nothing,Nothing,Nothing,Email is simply not used.,Yes,Declared,
consent_marketing,Marketing consent,Whether they agreed to receive promotional messages from us.,It is the legal gate on every promotional send.,true,Yes or no,"true, false",The consent checkbox on the form,Consent,Raw,Whether any marketing message may be sent,Whether any marketing message may be sent,Nothing,Nothing,No marketing message may go out. Only a single opt in request.,"Yes, they can withdraw it at any time.",Certain,
consent_timestamp,When they consented,The exact moment consent was captured.,It is the evidence if consent is ever questioned.,2026-08-17 06:40,Date and time,ISO timestamp,"System, at form submission",Consent,Raw,Compliance audit,Nothing,consent_marketing,Nothing,Consent is treated as not captured.,"Never, once written.",Certain,
whatsapp_optin_status,WhatsApp opt in,Whether WhatsApp will let us message them.,"WhatsApp is our main channel, so this decides whether the plan can run at all.",opted_in,Choice,"opted_in, opted_out, never_asked, blocked_by_user",Gupshup or the form checkbox,Consent,Raw,Whether WhatsApp may be used,Whether WhatsApp may be used,Nothing,Nothing,Treated as never asked. Only a utility opt in request may be sent.,Yes,Certain,
suppression_reason,Why we are not contacting them,"The single switch that stops all outbound messaging, and the reason.","One place to check before any send, so nobody is contacted who should not be.",opted_out,Choice,"none, opted_out, dnd, invalid, converted, duplicate, legal_hold","Calculated from opt outs, delivery failures, payments and merges",Consent,Derived,Every send,Every send,"Opt out events, delivery failures, payment success",Nothing,"Treated as none, meaning contact is allowed.","Yes, automatically.",Certain,"opt_out_flag, invalid_number_flag"
life_stage,Life stage,Where they are in education or work right now.,It is the single biggest driver of what we say and what we send.,College final year,Choice,"24 values from school class 9 to working 5 years plus, plus Unknown","Declared, or inferred from the source",Academic,Normalised,"Cohort, playbook, fit score, resource choice, wording","Cohort, playbook, fit score, resource choice, wording","current_qualification, graduation_year, work_experience_years",Course interest when the course does not suit the stage,Set to Unknown. The message asks one question instead of assuming.,Yes. A declared answer always overwrites a guess.,See life_stage_confidence,
life_stage_confidence,How sure we are about their life stage,"Whether they told us, or we worked it out.",It stops the system stating something as fact when it was only a guess.,Declared,Choice,"Declared, Inferred high, Inferred low, Unknown",Calculated from where the value came from,Academic,Derived,Whether copy may name the life stage,Message wording,life_stage,Nothing,"Treated as Unknown, which blocks life stage wording.","Yes, rises to Declared the moment they answer.",Certain,life_stage_source
current_qualification,Current or highest qualification,What they are studying or have finished.,It decides eligibility and which batch variant suits them.,B.Com,Choice,"School, B.Com, BBA, B.Tech, BA Economics, B.Sc Statistics, M.Com, MBA, CA qualified, CFA charterholder, Other, Unknown",Declared,Academic,Raw,"Eligibility, batch variant, fit score","Eligibility, batch variant, fit score",Nothing,Nothing,"Eligibility stays Unknown, which blocks payment links.",Yes,Declared,
graduation_year,Graduation year,The year they finish or finished their degree.,"CFA registration depends on it, and so does placement timing.",2027,Number,2020 to 2035,Declared,Academic,Raw,"Eligibility, urgency, attempt planning","Eligibility, urgency",Nothing,Nothing,We ask for it before any CFA commercial step.,Yes,Declared,
work_experience_years,Years of work experience,How long they have been working.,"It separates a fresher from a professional, which changes everything we send.",3,Number,0 to 40,Declared,Career,Raw,"Life stage, fit score","Life stage, fit score",Nothing,Nothing,Life stage is inferred from other signals or left Unknown.,Yes,Declared,
current_role,Job title,What they do at work.,A risk analyst asking about FRM gets a very different message from a general enquiry.,Risk Analyst,Text,Free text,Declared,Career,Raw,"Course fit, message wording","Resource choice, wording",Nothing,Nothing,Generic professional wording is used.,Yes,Declared,
is_parent_enquiry,Parent enquiry,Whether a parent is asking on behalf of a student.,"Parents need cost, outcomes and reassurance. Students need something else entirely.",true,Yes or no,"true, false",Declared or detected from the language used,Academic,Normalised,"Playbook, tone, which assets are sent, call timing","Playbook, tone, resource choice",Nothing,Nothing,Treated as a student enquiry.,Yes,Declared,
decision_maker,Who signs off,The person who actually approves the spend.,A sale cannot close through someone who is not the decision maker.,Parent,Choice,"Self, Parent, Employer, Self with parent input, Unknown",Declared or established on a call,Money,Raw,"Fit score, which assets are sent, who gets called","Fit score, resource choice",is_parent_enquiry,Nothing,"Assumed to be self, and flagged as unverified.",Yes,Declared,
course_interest_primary,Course they are asking about,"The specific course, if they named one.","It decides which content, price and batch are relevant.",CFA Level 1,Choice,22 course codes plus General finance career and Unknown,"Declared, or inferred from the page they came from",Course interest,Normalised,"Cohort, resource choice, fit and intent, wording","Cohort, resource choice, fit and intent",Nothing,Life stage when the course does not suit the stage,The discovery playbook runs. No brochure is ever sent.,Yes,See course_specificity,
course_specificity,How precisely they asked,"Whether they named an exact product, a course, a category or just a direction.",How specific someone is predicts buying better than which course they named.,Named course,Choice,"Exact ask, Named course, Category only, Direction only, Unknown",Calculated from what they wrote,Course interest,Derived,"Playbook, intent score, cadence, whether a counsellor is triggered","Playbook, intent score",course_interest_primary,Nothing,"Treated as Unknown, which starts discovery.","Yes, rises as they say more.",Certain,
course_variant,Which version of the course,The specific batch or package inside a course family.,"Price and hours differ by variant, so a fee answer is meaningless without it.",CFA Level 1 Accelerate,Text,Matches the product master,Counsellor or declared,Course interest,Normalised,"Price quoted, payment link",Price quoted,"course_interest_primary, weekly_study_hours",Nothing,No payment link may be issued.,Yes,Declared,
eligibility_status,Eligible,Whether the awarding body will let them sit this exam.,Selling a course someone cannot register for creates a refund and a bad outcome.,Eligible,Choice,"Eligible, Eligible with condition, Not yet eligible, Ineligible, Unknown",Checked against the awarding body rules,Course interest,Derived,"Playbook, priority, whether a payment link may be issued","Playbook, priority, payment permission","current_qualification, graduation_year, course_interest_primary",course_interest_primary,"Treated as Unknown, which blocks payment links until checked.","Yes, when the rules or their status change.",Verified or Unknown,
stage_suitability,Right step for them,Whether the course they want is the right one for where they are now.,Someone can be eligible and still be making a mistake.,Suitable,Choice,"Suitable, Too early, Overqualified, Needs checking",Rules engine,Course interest,Derived,"Playbook, fit score, what we recommend instead","Playbook, fit score","life_stage, course_interest_primary",Nothing,Treated as Needs checking.,Yes,Certain,
weekly_study_hours,Hours a week,How much time they can realistically give.,It decides which variant is honest to recommend.,10,Number,0 to 60,Declared,Money,Raw,"Fit score, variant recommended","Fit score, variant recommended",Nothing,Nothing,"Scored neutral. Asked with tappable ranges, never as an open question.",Yes,Declared,
budget_range,Budget,What they can spend.,"It decides whether to lead with the variant, the instalment plan, or neither.",25k to 40k,Choice,"Under 10k, 10k to 25k, 25k to 40k, 40k plus, Price sensitive, Not disclosed",Declared or established on a call,Money,Raw,"Fit score, which variant is offered","Fit score, variant offered",Nothing,Nothing,Scored neutral. Never guessed from city or college.,Yes,Declared,
emi_required,Needs instalments,Whether they need to pay in parts.,"Asking about instalments is a strong buying signal, not a weak one.",true,Yes or no,"true, false",Declared,Money,Raw,"Intent score, which assets are sent, counsellor trigger","Intent score, resource choice",Nothing,Nothing,Treated as false.,Yes,Declared,
purchase_timeline,When they want to start,Their own statement about timing.,It sets how often we contact them and whether a counsellor is worth it now.,Within 30 days,Choice,"Immediate, Within 7 days, Within 30 days, 1 to 3 months, 3 months plus, Undecided",Declared,Intent,Raw,"Intent score, cadence, priority","Intent score, cadence, priority",Nothing,Engagement when they say soon and then go quiet,Scored as Undecided.,Yes. It is re checked after 14 days because it goes stale.,Declared,
exam_attempt_target,Target exam,The exam sitting they are aiming at.,"It decides which batch, how urgent it is, and whether the timeline is honest.",Feb 2027,Text,"Month and year, or a window label",Declared,Course interest,Raw,"Intent score, batch matching, urgency wording","Intent score, batch matching",course_interest_primary,Nothing,The attempt planner is offered.,Yes,Declared,
days_to_target_exam,Days to the exam,How long until the sitting they are aiming at.,Under 30 days with nothing studied means we should say no.,180,Number,Calculated daily,Calculated from the exam calendar,Course interest,Derived,"Intent score, urgency wording, cadence caps","Intent score, cadence",exam_attempt_target,Nothing,Attempt proximity scores zero.,"Yes, recalculated every night.",Certain,exam_date_known
preparation_status,How far along they are,Whether they have started studying and how.,It decides whether we diagnose first or sell first.,Self study,Choice,"Not started, Self study, Studying elsewhere, Revision stage, Failed last attempt, Deferred",Declared,Course interest,Raw,"Resource choice, playbook","Resource choice, playbook",Nothing,Nothing,Assumed not started for the purpose of honesty checks.,Yes,Declared,
previous_attempt_history,Previous attempts,Whether they have sat this exam before.,"Retakers need diagnosis, not a sales pitch, and a completely different tone.",One fail,Choice,"None, One fail, Two or more fails, Deferred, Passed the previous level",Declared or from the student master,Course interest,Raw,"Playbook, tone, resource choice","Playbook, tone, resource choice",Nothing,Nothing,Treated as none.,Yes,Declared,
existing_student_status,Are they already a student,Whether this person has ever paid us.,It is the difference between selling and looking foolish.,Never purchased,Choice,"Never purchased, Active student, Past student, Lapsed access",Matched against the student master on the phone number,Cohort,Derived,"Playbook, owner, whether acquisition messaging is allowed at all","Playbook, owner, message permission",mobile_last10,previous_ssei_interaction,"Treated as never purchased. A wrong answer here is expensive, so the match runs on every lead.","Yes, on every master sync.",Verified,
existing_courses_owned,Courses they already own,What they have already bought.,It is what makes a cross sell relevant instead of random.,CFA Level 1,List,Course codes,Student master,Cohort,Derived,"Cross sell offer, contraindications",Cross sell offer,existing_student_status,Nothing,Cross sell cannot run.,Yes,Verified,
previous_ssei_interaction,What happened before,Any earlier contact with us that did not end in a purchase.,Opening as a stranger to someone we already spoke to loses the only advantage we have.,Prior lead lost,Choice,"None, Prior lead lost, Prior lead dormant, Webinar only, Scholarship exam only",CRM history,Cohort,Derived,"Message opening, reactivation angle",Message opening,Nothing,existing_student_status,Treated as none.,Yes,Verified,
source_detail,Where they came from,The exact entry point.,"It decides how the first message opens, what was promised, and how fast we must reply.",College seminar,Choice,45 values grouped into 9 source groups,"The form, the CRM or the entry integration",Source,Raw,"Message opening, response time target, intent score, resource choice","Message opening, response time, intent score",Nothing,"first_source and last_source, which are attribution only","Treated as Unknown, which uses a neutral opening and a 4 hour target.",No. It is fixed at entry.,Certain,
acquisition_category,How we acquired them,The commercial grouping of the source.,It sets how fast we must respond and how cost is reported.,Campus partnership,Choice,"Organic, Paid, Referral, Campus, Direct inbound, Existing database, Cross sell, Reactivation",Calculated from source_detail,Source,Derived,"Response time target, cost reporting, retargeting eligibility","Response time, reporting",source_detail,Nothing,Defaults to the slowest response target.,No,Certain,
promised_resource_id,What we promised them,"The specific thing the ad, form or event said they would get.",Asking a question before delivering a promise is the fastest way to lose trust.,R02,Text,A resource ID,The campaign register,Source,Raw,Blocks the first message until it is delivered,First message content,Nothing,Nothing,Nothing is blocked. Assumed no promise was made.,No,Certain,campaign_promise_ref
event_topic,Event they attended,The title of the webinar or seminar they came from.,Continuing from what they heard beats restarting the conversation.,Careers in Finance Beyond B.Com,Text,Free text,The event register,Source,Raw,Message opening,Message opening,Nothing,Location when the event city is not their city,The opening does not reference an event.,No,Certain,
city,City,Where they live.,It decides whether an in person option is real and when we can call.,Indore,Text,Matched to the city master,"The form, the counsellor or the phone code",Location,Raw,"Wording, in person options, call timing, which testimonial is used","Wording, logistics",Nothing,event_topic when the event was elsewhere,No location is mentioned in any message.,Yes,Declared or inferred,
city_tier,City tier,A size classification of the city.,"It changes what is logistically practical, and nothing else.",Tier 2,Choice,"Tier 1, Tier 2, Tier 3, International, Unknown",Calculated from the city master,Location,Derived,"Which proof is used, whether an in person option is offered",Wording and logistics only,city,Nothing,Treated as Unknown.,Only if the city changes.,Certain,
state_region,State,The Indian state or union territory.,Regional reporting and the default language.,Madhya Pradesh,Text,State codes,Calculated from the city,Location,Derived,"Reporting, default language","Reporting, language",city,Nothing,Reporting only.,Only if the city changes.,Certain,state
distance_to_centre_km,Distance to the nearest centre,How far they are from a classroom.,It decides whether an in person option is honest to offer.,780,Number,0 to 4000,Calculated from the postcode,Location,Derived,Whether an in person option is offered,In person options,"city, pin_code",Nothing,In person options are not offered.,Only if the address changes.,Certain,offline_accessible
preferred_language,Language,The language they want to be contacted in.,A reply in Hindi answered in English reads as a machine.,Hinglish,Choice,"English, Hindi, Bengali, Hinglish, Other, Unknown",Declared or detected from their reply,Location,Raw,"Which template version is used, which counsellor is assigned","Template version, routing",Nothing,Nothing,English is used.,Yes,Declared or detected,
message_read_count,Messages read,How many of our messages they opened.,Read and ignored means something different from never delivered.,3,Number,0 upwards,WhatsApp delivery receipts,Behaviour,Raw,"Intent score, which silence branch runs","Intent score, silence branch",Nothing,Nothing,"Treated as zero, which is different from unknown and is flagged.","Yes, automatically.",Certain,
link_click_count,Links clicked,How many links they opened.,Clicking is a weak but real signal of interest.,2,Number,0 upwards,Link tracking,Behaviour,Raw,Intent score,Intent score,Nothing,Nothing,Treated as zero.,"Yes, automatically.",Certain,
resource_opened_ids,What they have opened,The list of things they actually looked at.,It stops us re sending the same thing and tells us what interests them.,"R07, R06",List,Resource IDs,Tracking,Behaviour,Raw,"Next resource choice, intent score","Next resource, intent score",Nothing,Nothing,We may accidentally re send something. Tracking is a priority for this reason.,"Yes, automatically.",Certain,
resource_completion_pct,How much they finished,How far through the last thing they got.,Finishing something is worth far more than opening it.,100,Number,0 to 100,Video and document analytics,Behaviour,Raw,"Intent score, counsellor trigger","Intent score, counsellor trigger",resource_opened_ids,Nothing,Only the open is counted.,"Yes, automatically.",Certain,
demo_attended,Attended a class,Whether they watched a sample class or attended a live one.,"Attendance is scarce and expensive to earn, so it is the strongest engagement signal we have.",true,Yes or no,"true, false",The LMS or the webinar platform,Behaviour,Raw,"Intent score, journey stage, counsellor trigger","Intent score, journey stage",Nothing,Nothing,Treated as false.,"Yes, automatically.",Certain,
counselling_attended,Attended a call,Whether the counselling call actually happened.,Show rate is one of the few honest measures of interest.,true,Yes or no,"true, false",Counsellor disposition,Behaviour,Raw,"Intent score, journey stage","Intent score, journey stage",Nothing,Nothing,Treated as not attended.,Yes,Declared by the counsellor,
days_since_last_engagement,Days since they last did anything,How long they have been quiet.,Intent decays with silence. This is what drives it.,12,Number,0 upwards,Calculated,Behaviour,Derived,"Intent decay, journey stage, cadence","Intent score, stage",Any inbound event,purchase_timeline when they claimed to be in a hurry,Cannot be missing. Calculated from the record creation date if nothing else exists.,"Yes, nightly.",Certain,
payment_link_sent_at,Payment link sent,When the link went out.,It starts the recovery clock and defines the paying stage.,2026-08-19 11:20,Date and time,ISO timestamp,The payment system,Journey,Raw,"Journey stage, recovery sequence","Journey stage, recovery","course_variant, eligibility_status",Nothing,No link has been sent.,Set once by the system.,Certain,payment_link_requested
payment_completed_at,Paid,When the money landed.,"It is the conversion event, and it stops all marketing immediately.",2026-08-19 11:44,Date and time,ISO timestamp,The payment gateway,Journey,Raw,"Journey stage, suppression, onboarding",Everything downstream,Nothing,Nothing,They have not paid.,Set once by the system.,Certain,
payment_failure_count,Failed payment attempts,How many times a payment failed.,"Two failures is a payment problem, not a reminder problem.",1,Number,0 upwards,The payment gateway,Journey,Raw,"Recovery branch, counsellor priority","Recovery branch, priority",Nothing,Nothing,Treated as zero.,"Yes, automatically.",Certain,
order_value_inr,Amount paid,"What they paid, in rupees.",Revenue reporting and cost per acquisition by cohort.,33700,Number,0 upwards,The payment gateway,Journey,Raw,Reporting,Reporting,Nothing,Nothing,Revenue cannot be attributed.,Set once.,Certain,
fit_score,Fit,"How well this course suits this person, out of 100.",It separates people we should sell to from people we should redirect.,66,Number,0 to 100,Calculated by the scoring model,Fit,Derived,"Priority, whether a sales queue entry is allowed","Priority, queue entry","Life stage, Eligibility, Capacity, Relationship dimensions",Nothing,"Cannot be missing. Unknown inputs score neutral, not zero.","Yes, whenever profile data changes. It never decays with time.",Shown with a confidence level,
fit_confidence,How sure we are about Fit,Whether the fit score rests on declared facts or guesses.,A score of 66 from two known fields is not the same as 66 from ten.,Medium,Choice,"High, Medium, Low",Calculated from how many inputs are declared,Fit,Derived,"How the score is presented, briefing card warnings",Presentation only,The fit score inputs,Nothing,Shown as Low.,Yes,Certain,
intent_score,Intent,"How close this person is to acting, out of 100.",It decides who gets a counsellor and how fast.,49,Number,0 to 100,Calculated by the scoring model,Intent,Derived,"Priority, cadence, counsellor trigger","Priority, cadence, counsellor trigger","Source, Engagement, Stated urgency dimensions",Nothing,Cannot be missing. Starts at the source baseline.,"Yes, on every event, and it decays after 7 days of silence.",Shown with a confidence level,intent_temperature
intent_confidence,How sure we are about Intent,Whether the intent score rests on real behaviour or on one declared line.,Someone can say they are ready and do nothing.,High,Choice,"High, Medium, Low",Calculated from how much behavioural evidence exists,Intent,Derived,"How the score is presented, briefing card warnings",Presentation only,The intent score inputs,Nothing,Shown as Low.,Yes,Certain,
priority,What to do about them now,"The action priority, in plain words.",It is the counsellor queue order and the first thing a counsellor needs to read.,Call this week,Choice,"Call now, Call today, Call this week, Automated only, Redirect, Do not contact",Calculated from fit and intent together,Intent,Classification,"Counsellor queue, response time target","Queue order, response time","fit_score, intent_score, eligibility_status, suppression_reason",Nothing,Cannot be missing.,"Yes, on every score change.",Certain,priority_band
primary_cohort,Cohort,The group this person belongs to.,"It is what selects the playbook, and therefore everything we do next.","College final year, employability",Text,One of the defined cohorts,Calculated by the cohort rules,Cohort,Classification,"Playbook, resources, messages, cadence, owner",Everything the team does,All nine dimensions,Nothing,The discovery cohort is used and the miss is logged.,"Yes, whenever new information arrives.",Shown with the rule that assigned it,
other_eligible_cohorts,Other cohorts that fit,Cohorts this person also qualifies for.,"If the first cohort is wrong, this is where the counsellor looks next.",Comparing qualifications,List,Cohort names,Calculated,Cohort,Classification,Counsellor briefing,Briefing only,primary_cohort,Nothing,Only one cohort fitted.,Yes,Certain,
assigned_playbook,Playbook,The plan we are running for this person.,"It is the sequence of messages, resources and calls the team will actually execute.",College employability,Choice,11 playbooks plus Suppressed,Selected from the cohort,Cohort,Classification,"Which messages and resources are sent, cadence, owner","Messages, resources, cadence, owner",primary_cohort,"journey_stage, which is where they are, not what we do",The discovery playbook runs.,"Yes, when the cohort changes.",Certain,assigned_journey
journey_stage,Journey stage,"Where this person currently is, from New to Enrolled.","It is the one word answer to where are they, and it controls what automation is allowed to run.",Engaged,Choice,"New, Contacted, Engaged, Interested, In conversation, Ready to buy, Paying, Enrolled, Parked",Calculated from events,Journey,Journey,"Which automation may run, reporting, stuck detection","Automation permission, reporting","Events, not opinions","assigned_playbook, which is our plan, not their position",Cannot be missing. Everyone starts at New.,"Yes, forward on evidence.",Certain,lead_state
journey_stage_since,In this stage since,When they entered the current stage.,It is how we spot leads that are stuck.,2026-08-18 09:00,Date and time,ISO timestamp,System,Journey,Journey,"Stuck detection, ageing reports",Stuck alerts,journey_stage,Nothing,Cannot be missing.,"Yes, on every stage change.",Certain,
park_reason,Why they are parked,"If they are not active, the stated reason.",Parked is not one thing. Too early and not interested need completely different handling.,Agreed to revisit in January,Text,Free text or a standard reason,Counsellor or system,Journey,Journey,"Reactivation eligibility, return date",Reactivation,journey_stage,Nothing,They should not be parked without one.,Yes,Declared,
next_action,Recommended next action,The single next thing to do.,So nobody has to interpret the scores to work out what to do.,"Send the skills check, then call once it is completed",Text,Generated,"Calculated from the cohort, stage and priority",Journey,Classification,What the counsellor does,The counsellor task,"primary_cohort, journey_stage, priority",Nothing,Cannot be missing.,"Yes, on every evaluation.",Certain,
next_action_at,When to do it,The date the next action is due.,It turns a soft maybe later into a firm appointment.,2026-09-01,Date,Date,Calculated or agreed with the lead,Journey,Journey,"Scheduling, stuck detection",Scheduling,next_action,Nothing,The action runs at the next permitted window.,Yes,Certain,
assigned_counsellor_id,Counsellor,Who owns this lead.,"Accountability, and so the lead does not get two people calling.",EMP-114,Text,Employee code,Assignment rules,Operational,Operational,"Task ownership, reporting",Ownership,priority,Nothing,"The lead sits unassigned, which is flagged if the priority is high.",Yes,Certain,
data_completeness_pct,How much we know,The share of decision critical fields we have.,A confident sounding score built on three fields deserves a warning.,45,Number,0 to 100,Calculated,Operational,Derived,"Confidence levels, whether to ask another question","Confidence, profiling",All input fields,Nothing,Cannot be missing.,Yes,Certain,
missing_critical_fields,What we still need,The specific fields still blank that matter for this cohort.,It tells the counsellor exactly what to ask on the call.,"weekly_study_hours, budget_range",List,Field names,Calculated,Operational,Derived,"Which question is asked next, briefing card",Next question,primary_cohort,Nothing,Cannot be missing.,Yes,Certain,
field_conflict_flags,Disputed details,Fields where two sources disagree.,"The system says less rather than guessing, and a person resolves it.",life_stage,List,Field names,Conflict detection,Operational,Derived,"Which message blocks are suppressed, verification tasks","Message content, tasks",All input fields,Nothing,No conflicts detected.,Yes,Certain,
guardrails_triggered,Checks that fired,Which validation rules fired on the last evaluation.,It is the honest answer to why did it do that.,"GR-017, GR-021",List,Guardrail IDs,The guardrail engine,Operational,Derived,"Explanation shown to the user, blocked actions","Explanations, blocks",All fields,Nothing,Nothing fired.,"Yes, on every evaluation.",Certain,
evaluation_explanation,Why,"The plain English reason for the cohort, the scores and the next action.",So anyone can see why the system decided what it decided without asking a developer.,Assigned to college employability because life stage is final year and no course was named.,Text,Generated,Built during evaluation from the rules that fired,Operational,Derived,What the team reads,Nothing. It is a record.,Everything,Nothing,Cannot be missing. An evaluation without an explanation is a bug.,"Yes, on every evaluation.",Certain,
profiling_questions_asked,Questions asked so far,How many things we have asked them that went unanswered.,Three unanswered questions means stop asking.,2,Number,0 to 20,System,Operational,Derived,Whether another question may be asked,Whether to ask,Nothing,Nothing,Treated as zero.,Yes,Certain,
followup_count_total,Follow ups sent,How many messages we have sent in total.,It is the cap that protects the list from fatigue.,4,Number,0 upwards,System,Operational,Derived,"Cadence caps, exit timing",Cadence,Nothing,Nothing,Treated as zero.,Yes,Certain,
first_source,First touch source,The first campaign or channel that ever brought them to the site.,Marketing attribution. It never drives a message.,instagram,Text,Free text,The website attribution script,Source,Raw,Reporting only,Reporting only,Nothing,"source_detail, which is the business answer",Attribution is incomplete.,Never once set.,Certain,
last_source,Last touch source,The most recent campaign or channel before they converted.,Marketing attribution. It never drives a message.,google,Text,Free text,The website attribution script,Source,Raw,Reporting only,Reporting only,Nothing,"source_detail, which is the business answer",Attribution is incomplete.,"Yes, on every new touch.",Certain,
