stage_no,stage_id,stage_name,plain_meaning,how_they_get_here,what_happens_here,who_owns_it,typical_time_here,next_stages,crm_states_included,stuck_after,if_stuck_do_this
1,new,New,They have just arrived and we have not spoken to them yet.,"A form, a call, an event list, an ad, a referral or an import.","We check for duplicates, match against the student master, work out the cohort and write the first message.",System,Under 30 minutes,"Contacted, Parked","new, data_incomplete, cohort_assigned, first_contact_pending",30 minutes,Something is broken. The rules engine or the integration has failed. Alert Growth Ops.
2,contacted,Contacted,We have messaged them. They have not replied yet.,The first message was delivered.,"We wait, then work down the silence ladder: shorter message, different time of day, tappable options, then a clean exit.",System,Up to 7 days,"Engaged, Parked",first_contact_sent,7 days,Three attempts are done. Send the exit message and park them with a return date.
3,engaged,Engaged,"They replied, or opened and used something we sent.","Any inbound reply, resource open, click or event attendance.","We classify what they said, answer it, and send the one next thing that follows from it.",System,Up to 14 days,"Interested, In conversation, Ready to buy, Parked","engaged, resource_consumed",14 days,Intent has gone quiet. Either park them with a date or hand to a counsellor if fit is high.
4,interested,Interested,There is enough signal that a counsellor call is worth making.,"Intent score reaches 41, or they name a course and a rough timeline.",A counsellor task is created. Automation continues in the background until the counsellor takes over.,Counsellor,24 working hours to first contact,"In conversation, Ready to buy, Parked",marketing_qualified,3 days with no counsellor action,SLA breach. It goes to the sales manager queue.
5,conversation,In conversation,"A real conversation is happening: a call booked, a call done, or a class watched.","They asked for counselling, booked a slot, or attended a demo class.","The counsellor establishes the attempt, the hours, the budget and the decision maker, and writes those back.",Counsellor,Up to 7 days,"Ready to buy, Parked","counselling_requested, counselling_booked, counselling_completed, demo_requested, demo_attended",Slot time plus 2 hours with no disposition,The counsellor has not logged the outcome. Manager follows up.
6,ready,Ready to buy,"They have asked about fees, batches, instalments or a payment link.","Any transactional question, or intent score at 61 with fit at 35 or above.","All educational content stops. Variant, price and attempt get confirmed. An objection here is answered, not nurtured.",Counsellor,Up to 3 days,"Paying, Parked","sales_qualified, objection_pending",72 hours with no counsellor action,SLA breach. Manager queue. This is the most expensive stage to lose someone in.
7,paying,Paying,A payment link is out and the money has not landed yet.,The variant and price were confirmed and the link was issued.,"Recovery at 2, 24 and 72 hours. A failed payment is treated as a service problem before it is treated as a sales problem.",Counsellor,Under 72 hours,"Enrolled, Ready to buy, Parked","payment_link_sent, checkout_started, payment_failed",4 hours after a failure with no human contact,Call within 30 minutes. Confirm no double debit. Offer a different payment method.
8,enrolled,Enrolled,They paid.,The payment gateway confirmed success.,Onboarding within 5 minutes. All acquisition messaging and paid audiences stop immediately. Cross sell becomes possible only at 60 percent course progress.,Student Success,Permanent,Parked on refund,"converted, cross_sell_eligible",72 hours with no LMS login,"Support call, not a marketing message."
9,parked,Parked,"Not active right now, for a stated reason.","Silence, an agreed later date, a refusal, an opt out, a bad number, or ineligibility.","Nothing, unless a genuinely new fact exists or the agreed return date arrives.",System,Indefinite,"New on re enquiry, Engaged on reply","nurture, dormant, lost, disqualified, invalid, opted_out",Reviewed quarterly,Check the park reason is still true. A lead parked as too early may now be eligible.
