dimension_id,dimension,plain_meaning,question_it_answers,source_fields,allowed_values,can_affect,cannot_affect,depends_on,conflicts_with,how_calculated,confidence_rule,fit_weight,intent_weight
D1,Life stage,Where the person is in their education or career right now.,"Are they at school, in college, job hunting, or already working?","life_stage, current_qualification, work_experience_years, graduation_year, is_parent_enquiry","School, Post school, College early, College final, Fresher, Working 0 to 2 yrs, Working 3 to 5 yrs, Working 5 yrs plus, Career switcher, Parent, Already studying a qualification, Retaking an exam, Unknown","Cohort, playbook, fit score, which resource is sent, message wording, contact timing","Intent score, eligibility, priority",Nothing. This is a root dimension.,"Course interest, when the course does not suit the stage",Declared value wins. Otherwise inferred from source and qualification. Unknown is a valid answer and is never guessed in copy.,"Declared, Inferred high, Inferred low, Unknown. Copy that names the life stage is blocked below Inferred high.",25,0
D2,Course interest,"Which course they are asking about, and how precisely they asked.","Do they want a named course, a category, or just a direction?","course_interest_primary, course_specificity, landing_page, campaign_id, event_topic","Exact ask, Named course, Category only, Direction only, Unknown","Cohort, playbook, fit score, intent score, which resource is sent, message wording",Eligibility. Naming a course does not make you eligible for it.,Life stage for suitability. Source context when the course is inferred from a landing page.,Life stage when the course does not suit the stage. Eligibility when the course is closed to them.,"An explicit statement wins. A landing page or campaign produces only a low confidence guess that must be confirmed in the message, never asserted.",Declared or Inferred low. Guessed values must be confirmed with a question before any commercial step.,15,10
D3,Eligibility and stage fit,"Whether they are allowed to take the course, and whether it is the right step for them now.","Can they sit this exam, and is this the right course for where they are?","eligibility_status, stage_suitability, current_qualification, graduation_year, previous_attempt_history","Eligible, Eligible with condition, Not yet eligible, Too early for this course, Overqualified for this course, Needs checking, Unknown","Cohort, playbook, fit score, priority, whether a payment link may be issued, message wording",Intent score. Someone ineligible can still be very keen.,Life stage and course interest,"Course interest, when they ask for something closed to them",Checked against the awarding body rules held in a versioned reference table. Never inferred from age or city.,"Verified, Assumed or Unknown. Unknown blocks payment links until a counsellor confirms.",20,0
D4,Capacity,"Whether they can realistically do the course: time, money, and who signs off.","Do they have the hours, the budget and the authority to say yes?","weekly_study_hours, budget_range, emi_required, decision_maker","Hours: 15 plus, 8 to 14, under 8, unknown. Budget: covers the price, needs instalments, price sensitive, not disclosed. Decision maker: self, parent, employer, shared, unknown","Fit score, which course variant is recommended, which resource is sent, whether a parent or employer is brought in","Intent score, cohort, priority","Life stage, for who the decision maker usually is","Course interest, when the variant needs more hours than they have","Declared only. Never inferred from city, college or job title.","Declared or Unknown. Unknown scores neutral, never negative.",30,0
D5,Relationship,What we already know about this person from before.,"Are they new, a past lead, or already a paying student?","existing_student_status, existing_courses_owned, previous_ssei_interaction, duplicate_status","New, Past lead lost, Past lead dormant, Attended an event only, Past student, Active student","Cohort, playbook, fit score, message opening, who owns the lead, whether acquisition messaging is allowed at all","Eligibility, intent score",Nothing. Resolved by matching the phone number against the student master.,"Life stage, when an active student is misread as a new lead","Phone number matched against the student master on the last ten digits, then lead history.","Verified by match, or Unknown",10,0
D6,Source context,"Where they came from, and what that source already promised them.","What do they already know, and what were they told to expect?","source_detail, acquisition_category, promised_resource_id, event_topic, referrer_lead_id","45 source values grouped into: Organic, Paid, Referral, Campus, Direct inbound, Existing database, Cross sell, Reactivation, Unknown","Message opening, which resource is sent, response time target, intent score, whether a promise must be delivered first","Fit score and cohort. Only inbound calls, walk ins and existing student matches change the cohort.",Nothing. Captured at entry.,"Location, when the event city differs from where they live","Taken from the form, the CRM source, or the attribution cookie. Never guessed.",Verified or Unknown. Unknown falls back to a neutral opening.,0,20
D7,Engagement,What they have actually done since we contacted them.,"Are they opening, clicking, watching, replying?","message_read_count, link_click_count, resource_opened_ids, resource_completion_pct, demo_attended, counselling_attended, days_since_last_engagement","None, Passive: opened only, Active: clicked or replied, Deep: completed a resource, attended a class or a call","Intent score, which resource is sent next, priority, whether a counsellor is triggered","Fit score, eligibility, cohort","Source context, for what was sent in the first place","Stated urgency, when someone says they are ready but does nothing for three weeks",Counted from tracking events. Completing something is worth more than opening it. Replying is worth more than clicking.,"Verified by event. Absence of tracking is recorded as unknown, not as zero engagement.",0,30
D8,Stated urgency,"What they have told us about their timeline, and what they have asked for.","How soon do they say they want to start, and what have they asked us for?","purchase_timeline, exam_attempt_target, days_to_target_exam, payment_link_sent_at, blocking_objection","Ready now, Within a month, One to three months, Later, Undecided, Blocked by an objection","Intent score, priority, playbook, contact cadence, whether a counsellor is triggered","Fit score, eligibility, cohort","Course interest, for the attempt calendar","Engagement, when stated urgency is not matched by any activity","Declared statements plus transactional requests. A request for a fee, a batch date, an instalment plan or a payment link is the strongest single signal.",Declared. Re verified after 14 days because declared urgency goes stale.,0,40
D9,Location and logistics,"Where they are, and what that makes practical.","Can they attend in person, what language, and when can we call?","city, state_region, city_tier, distance_to_centre_km, preferred_language, time_zone","City tier 1, 2, 3, International or Unknown. In person reachable: yes or no","Message wording, which resource is sent for mode, whether an in person option is offered, call timing, template language, which testimonial is used as proof","Fit score, intent score, priority, cohort and tone. City tier must never change how urgently or how warmly someone is treated.",Nothing. Derived from the address or phone.,"Source context, when an event location differs from the home city","City is matched to a city master that carries tier, nearest centre, distance and time zone.","Verified by match, or Unknown. Unknown suppresses every location reference in copy.",0,0
