stage_id,stage,plain_meaning,how_a_student_lands_here,driven_by,typical_length,what_we_are_trying_to_do,what_ends_it,momentum_matters,sizeable_today
S1,Just paid,Money has come in. They have not opened the course yet.,Payment confirmed in the CRM.,Payment date,Day 0 to day 7,Get them logged in and into the first class.,First login and first video watched.,No. Everyone gets the same welcome.,"Yes. Payment date is on file for 42,414 students."
S2,Getting started,"Logged in, watching, still finding their feet.",First login recorded.,Payment date,Day 8 to day 30,Get them to finish one full subject so the habit forms.,"One subject completed, or 30 days pass.",Yes. This is where most drop-off starts.,No. Needs the login and watch-time feed.
S3,Studying,The long middle. Working through the syllabus.,30 days after payment.,Payment date and exam date,Until 60 days before the exam,Keep them moving at the pace the exam needs.,60 days before their exam.,Yes. This is the main use of momentum.,No. Needs attempt on file plus watch time.
S4,Exam run-up,Final stretch. Revision and mocks.,60 days before their exam date.,Exam date,60 days,Get them mock-tested and calm.,Their exam day.,"Yes, but the action is the same for everyone: push mocks.",Partly. Needs attempt on file. 38.5 percent have it.
S5,"Exam done, result awaited",They sat the exam. Nobody knows the outcome yet.,Their exam day passes.,Result date,"CFA about 6 to 8 weeks, CA about 2 months","Confirm they actually sat it, and stay in touch so result day is not a cold call.",Result day.,No.,Partly. Needs attempt on file.
S6,Passed,"They cleared. Confirmed by them, not by us.","Student tells us, or a counsellor confirms.",Result date,A 21 day window,Sell the next level while the win is fresh.,"They buy, or 21 days pass.",No. Headroom decides the pitch.,No. We do not capture results today.
S7,Did not pass,They did not clear. Confirmed by them.,"Student tells us, or a counsellor confirms.",Result date,A 45 day window,Get them signed up for the next attempt before they quit the qualification.,"They re-enrol, or 45 days pass.",No.,No. We do not capture results today.
S8,Skipped the exam,Their exam date passed and they did not sit it.,Confirmed at the result-day check.,Exam date,Open ended,"Find out why, and move them to a realistic attempt.",They commit to a new attempt.,Yes. Low momentum before the exam predicts this.,No. Needs result capture.
S9,Inactive,"Validity is over, or six months quiet with no attempt on file.","Validity expiry, or 180 days of silence.",Validity expiry date,Open ended,"One honest win-back, then leave them alone.","They buy again, or they opt out.",No.,"Yes. 27,962 students last bought over 24 months ago."
